"Panjang Jalan Menurut Kabupaten/Kota dan Kondisi Jalan  di Provinsi Jawa Tengah (km), 2020",,,,,
"Length of Roads by Regency/Municipality and Road  Condition  in Jawa Tengah Province (km), 2020",,,,,
"Kabupaten/Kota                    
Regency/Municipality",,"Jenis Permukaan Jalan
Type of Road Surface",,,
,,"Baik
Good","Sedang
Average","Rusak
Damaged","Rusak Berat
Severely Damaged"
Kabupaten/Regency,,,,,
1.,Cilacap,     745 ,     151 ,     169 ,     204 
2.,Banyumas,     572 ,     91 ,     76 ,     66 
3.,Purbalingga,     376 ,     360 ,     105 ,     46 
4.,Banjarnegara,     658 ,     47 ,     132 ,     103 
5.,Kebumen,     509 ,     177 ,     121 ,     153 
6.,Purworejo,     480 ,     108 ,     96 ,     86 
7.,Wonosobo,     420 ,     243 ,     263 ,     73 
8.,Magelang,     742 ,     144 ,     96 ,     19 
9.,Boyolali,     501 ,     77 ,     63 ,     36 
10.,Klaten,     471 ,     169 ,     63 ,     67 
11.,Sukoharjo,     121 ,     407 ,     57 ,     20 
12.,Wonogiri,     769 ,     139 ,     120 ,     11 
13.,Karanganyar,     510 ,     257 ,     222 ,     58 
14.,Sragen,     743 ,     66 ,     128 ,     84 
15.,Grobogan,     662 ,     42 ,     113 ,     101 
16.,Blora,     403 ,     287 ,     247 ,     273 
17.,Rembang,     427 ,     137 ,     44 ,     21 
18.,Pati,     520 ,     110 ,     93 ,     115 
19.,Kudus,     314 ,     182 ,     89 ,     54 
20.,Jepara,     418 ,     117 ,     137 ,     201 
21.,Demak,     23 ,     7 ,,     30 
22.,Semarang,     570 ,     90 ,     46 ,     41 
23.,Temanggung,     414 ,     122 ,     73 ,     106 
24.,Kendal,     383 ,     166 ,     115 ,     257 
25.,Batang,     251 ,     18 ,     27 ,     70 
26.,Pekalongan,     481 ,     101 ,     18 ,     121 
27.,Pemalang,     437 ,     90 ,     112 ,     117 
28.,Tegal,     541 ,     83 ,     119 ,     112 
29.,Brebes,     484 ,     47 ,     67 ,
Kota/Municipality,,,,,
1.,Magelang,     70 ,     31 ,     16 , -   
2.,Surakarta,     539 ,     107 ,     23 ,
3.,Salatiga,     294 ,     12 ,     29 ,     2 
4.,Semarang,     285 ,     428 ,     116 ,     11 
5.,Pekalongan,     96 ,     22 ,     18 ,     17 
6.,Tegal,     205 ,,     23 ,     3 
36.,Brebes Sektor 1,449,48,61,
37.,Kendal Sektor 1,367,170,107,246
38.,Blora Sektor 1,418,284,223,297
39.,Sragen Sektor 1,674,71,122,87
40.,Brebes Sektor 2,455,43,65,
41.,Blora Sektor 2,376,259,243,267
42.,Magelang Sektor 1,685,154,98,18
43.,Temanggung Sektor 1,443,127,69,101
44.,Pemalang Sektor 1,438,97,106,115
45.,Brebes Sektor 3,520,50,63,
46., Sektor 1,,,,
47.,Grobogan Sektor 1,688,44,105,111
48.,Banyumas Sektor 1,628,86,79,69
49.,Rembang Sektor 1,412,128,40,21
50.,Kudus Sektor 1,335,188,93,51
51.,Blora Sektor 3,414,278,240,285
52.,Purbalingga Sektor 1,382,351,114,50
53.,Pati Sektor 1,502,115,96,123
54.,Rembang Sektor 2,426,148,43,20
55.,Salatiga Sektor 1,275,13,32,2
56.,Pekalongan Sektor 1,92,21,17,17
57.,Batang Sektor 1,239,17,26,75
58.,Boyolali Sektor 1,502,77,67,37
59.,Banyumas Sektor 2,543,83,73,66
60.,Salatiga Sektor 2,306,11,27,2
61., Sektor 2,,,,
62.,Cilacap Sektor 1,783,136,156,185
63.,Magelang Sektor 2,76,33,16,
64.,Kendal Sektor 2,395,156,110,242
65.,Banyumas Sektor 3,545,91,79,64
66.,Sukoharjo Sektor 1,133,400,56,21
67.,Kendal Sektor 3,386,166,112,247
68.,Kudus Sektor 2,319,187,88,52
69.,Temanggung Sektor 2,418,127,80,110
70.,Rembang Sektor 3,392,150,43,20
71.,Rembang Sektor 4,421,148,41,21
72.,Karanganyar Sektor 1,483,252,221,53
73.,Salatiga Sektor 3,323,11,29,2
74.,Pati Sektor 2,563,120,85,113
75.,Kendal Sektor 4,419,182,120,259
76.,Salatiga Sektor 4,299,13,27,2
77.,Kebumen Sektor 1,557,189,129,152
78.,Rembang Sektor 5,388,131,40,21
79.,Purbalingga Sektor 2,341,378,108,48
80.,Semarang Sektor 1,301,419,119,12
81.,Sukoharjo Sektor 2,117,439,57,21
82.,Kudus Sektor 3,339,168,86,52
83., Sektor 3,,,,
84.,Tegal Sektor 1,542,84,110,111
85.,Pati Sektor 3,506,113,94,112
86.,Purworejo Sektor 1,459,101,104,79
87.,Magelang Sektor 3,67,29,17,
88.,Banyumas Sektor 4,573,86,70,67
89.,Sukoharjo Sektor 3,114,422,52,19
90.,Boyolali Sektor 2,548,71,66,39
91.,Magelang Sektor 4,803,139,98,20
92.,Sragen Sektor 2,748,60,121,85
93.,Grobogan Sektor 2,699,39,106,105
94.,Kebumen Sektor 2,539,165,114,160
95.,Wonogiri Sektor 1,833,147,109,11
96.,Tegal Sektor 2,512,77,112,120
97.,Banyumas Sektor 5,581,85,69,64
98.,Brebes Sektor 4,476,43,74,
99.,Wonosobo Sektor 1,381,242,266,67
100.,Purbalingga Sektor 3,388,326,99,44
101.,Magelang Sektor 5,775,154,102,19
102.,Demak Sektor 1,25,7,,31
103.,Cilacap Sektor 2,732,153,167,196
104.,Semarang Sektor 2,526,91,44,41
105.,Wonosobo Sektor 2,393,223,277,67
106.,Salatiga Sektor 5,301,12,28,2
107.,Cilacap Sektor 3,711,154,164,187
108.,Batang Sektor 2,254,18,26,65
109.,Wonosobo Sektor 3,405,259,239,74
110.,Brebes Sektor 5,531,42,63,
111.,Pati Sektor 4,533,118,102,121
112.,Batang Sektor 3,262,18,26,76
113.,Grobogan Sektor 3,651,45,123,100
114.,Karanganyar Sektor 2,471,234,217,53
115.,Purbalingga Sektor 4,358,361,105,51
116.,Purbalingga Sektor 5,404,343,97,50
117.,Batang Sektor 4,226,19,25,70
118.,Karanganyar Sektor 3,527,259,238,61
119.,Kendal Sektor 5,397,170,121,239
120.,Magelang Sektor 6,70,28,15,
121.,Pemalang Sektor 2,460,91,122,113
122.,Grobogan Sektor 4,605,43,110,103
123.,Pati Sektor 5,470,106,93,121
124.,Temanggung Sektor 3,430,115,67,110
125.,Semarang Sektor 3,623,95,45,39
126.,Wonosobo Sektor 4,388,225,273,72
127.,Pati Sektor 6,562,115,98,107
128.,Wonogiri Sektor 2,742,139,110,11
129.,Salatiga Sektor 6,267,12,32,2
130.,Purworejo Sektor 2,507,110,96,89
131.,Blora Sektor 4,368,272,230,293
132.,Kudus Sektor 4,328,172,98,59
133.,Brebes Sektor 6,496,49,71,
134.,Kendal Sektor 6,405,171,126,246
135.,Wonogiri Sektor 3,789,135,120,11
136.,Sragen Sektor 3,766,64,135,78
137.,Purbalingga Sektor 6,410,342,102,45
138.,Wonogiri Sektor 4,734,127,121,12
139.,Brebes Sektor 7,474,47,69,
140.,Semarang Sektor 4,264,397,108,12
141.,Magelang Sektor 7,791,149,97,18
142.,Purworejo Sektor 3,494,114,104,85
143.,Semarang Sektor 5,275,417,114,11
144.,Tegal Sektor 3,570,88,124,122
145.,Pemalang Sektor 3,465,90,104,125
146.,Karanganyar Sektor 4,542,250,223,54
147.,Karanganyar Sektor 5,545,278,215,55
148.,Banjarnegara Sektor 1,669,44,138,110
149.,Batang Sektor 5,276,17,25,73
150.,Surakarta Sektor 1,523,98,23,
151.,Banyumas Sektor 6,567,85,69,64
152.,Rembang Sektor 6,449,128,43,21
153.,Blora Sektor 5,364,301,260,259
154., Sektor 4,,,,
155.,Sragen Sektor 4,791,63,139,90
156.,Wonogiri Sektor 5,814,134,110,11
157.,Banyumas Sektor 7,551,93,71,71
158.,Purbalingga Sektor 7,344,380,97,47
159.,Magelang Sektor 8,65,28,17,
160.,Batang Sektor 6,232,17,25,73
161.,Salatiga Sektor 7,290,11,31,2
162.,Pekalongan Sektor 2,96,20,17,18
163.,Kebumen Sektor 3,469,179,120,164
164.,Rembang Sektor 7,451,146,44,21
165.,Semarang Sektor 6,591,82,42,43
166.,Tegal Sektor 4,543,90,126,106
167.,Karanganyar Sektor 6,482,250,219,57
168.,Batang Sektor 7,260,17,29,67
169.,Pati Sektor 7,501,116,89,116
170.,Karanganyar Sektor 7,534,259,226,58
171.,Kudus Sektor 5,334,191,96,52
172.,Batang Sektor 8,226,19,24,73
173.,Sragen Sektor 5,687,64,132,89
174.,Demak Sektor 2,24,6,,28
175.,Banjarnegara Sektor 2,612,49,138,113
176.,Tegal Sektor 5,500,82,127,109
177.,Pekalongan Sektor 3,89,20,19,17
178.,Kendal Sektor 7,418,152,105,246
179.,Tegal Sektor 6,516,77,127,102
180.,Demak Sektor 3,23,8,,27
181.,Sragen Sektor 6,813,67,124,78
182.,Wonosobo Sektor 5,424,248,249,78
183.,Klaten Sektor 1,495,153,58,69
184.,Tegal Sektor 7,524,79,116,119
185.,Grobogan Sektor 5,716,40,124,94
186.,Cilacap Sektor 4,798,139,177,197
187.,Pekalongan Sektor 4,463,100,19,120
188.,Kendal Sektor 8,363,154,112,254
189.,Sukoharjo Sektor 4,112,421,55,21
190.,Tegal Sektor 8,581,78,116,102
191.,Sragen Sektor 7,779,72,122,90
192.,Boyolali Sektor 3,496,73,58,33
193.,Pekalongan Sektor 5,93,24,18,17
194., Sektor 5,,,,
195.,Salatiga Sektor 8,305,11,31,2
196.,Grobogan Sektor 6,627,42,104,99
197.,Purbalingga Sektor 8,358,350,104,42
198.,Magelang Sektor 9,738,147,97,20
199.,Magelang Sektor 10,806,141,88,19
200.,Demak Sektor 4,22,7,,30
201.,Wonogiri Sektor 6,803,149,108,11
202.,Temanggung Sektor 4,422,123,79,104
203.,Grobogan Sektor 7,614,39,105,94
204.,Purworejo Sektor 4,460,108,97,78
205.,Demak Sektor 5,23,6,,30
206., Sektor 6,,,,
207.,Salatiga Sektor 9,285,12,28,2
208.,Magelang Sektor 11,71,29,15,
209.,Kebumen Sektor 4,500,173,116,142
210.,Rembang Sektor 8,455,135,42,20
211.,Demak Sektor 6,23,7,,30
212.,Rembang Sektor 9,457,143,48,19
213.,Pemalang Sektor 4,463,86,120,127
214.,Rembang Sektor 10,429,139,43,21
215.,Rembang Sektor 11,401,126,47,21
216.,Salatiga Sektor 10,266,12,30,2
217.,Klaten Sektor 2,425,186,65,71
218.,Wonosobo Sektor 6,447,258,283,76
219.,Karanganyar Sektor 8,540,268,202,53
220.,Karanganyar Sektor 9,461,261,237,59
221., Sektor 7,,,,
222.,Klaten Sektor 3,451,171,58,73
223.,Magelang Sektor 12,715,130,96,17
224.,Semarang Sektor 7,525,87,44,44
225.,Temanggung Sektor 5,395,121,75,117
226.,Rembang Sektor 12,416,125,46,21
227.,Karanganyar Sektor 10,536,233,217,63
228.,Pati Sektor 8,472,114,99,121
229.,Klaten Sektor 4,462,170,64,60
230.,Batang Sektor 9,275,17,24,74
231., Sektor 8,,,,
232.,Salatiga Sektor 11,300,12,26,2
233.,Banjarnegara Sektor 3,640,44,124,96
234.,Kendal Sektor 9,362,151,113,247
235.,Semarang Sektor 8,288,422,105,10
236.,Banjarnegara Sektor 4,670,43,135,113
237.,Magelang Sektor 13,795,147,102,20
238.,Tegal Sektor 9,533,75,119,116
239.,Boyolali Sektor 4,460,70,57,36
240.,Pati Sektor 9,472,100,87,123
241.,Brebes Sektor 8,477,51,72,
242.,Kebumen Sektor 5,492,190,114,140
243.,Temanggung Sektor 6,378,119,76,100
244.,Demak Sektor 7,24,7,,30
245., Sektor 9,,,,
246.,Demak Sektor 8,22,7,,30
247.,Rembang Sektor 13,416,149,47,22
248.,Surakarta Sektor 2,491,99,22,
249.,Jepara Sektor 1,408,109,145,210
250.,Pati Sektor 10,526,110,97,116
251.,Kudus Sektor 6,297,196,94,56
252.,Magelang Sektor 14,675,145,92,18
253.,Wonogiri Sektor 7,759,144,116,10
254.,Banjarnegara Sektor 5,723,45,144,112
255.,Pemalang Sektor 5,454,84,114,109
256.,Jepara Sektor 2,457,111,142,209
257.,Purworejo Sektor 5,523,113,103,81
258.,Semarang Sektor 9,620,85,48,42
259.,Tegal Sektor 10,567,75,113,106
260.,Karanganyar Sektor 11,503,242,235,56
261.,Tegal Sektor 11,577,83,120,104
262.,Sragen Sektor 8,780,69,136,83
263.,Pemalang Sektor 6,473,98,108,114
264.,Blora Sektor 6,417,306,265,287
265.,Semarang Sektor 10,597,97,46,43
266.,Kudus Sektor 7,325,179,94,51
267.,Brebes Sektor 9,456,46,72,
268.,Wonosobo Sektor 7,452,229,274,79
269.,Brebes Sektor 10,523,44,61,
270.,Semarang Sektor 11,572,99,44,45
271.,Boyolali Sektor 5,529,81,67,36
272.,Boyolali Sektor 6,536,78,66,35
273.,Banyumas Sektor 8,609,94,81,63
274.,Purbalingga Sektor 9,383,343,108,49
275.,Banjarnegara Sektor 6,653,45,130,111
276.,Karanganyar Sektor 12,492,270,236,62
277.,Pemalang Sektor 7,443,87,115,111
278.,Magelang Sektor 15,72,33,16,
279.,Banjarnegara Sektor 7,714,51,128,104
280.,Pati Sektor 11,569,101,94,121
281.,Wonosobo Sektor 8,380,257,269,76
282.,Pekalongan Sektor 6,492,96,19,123
283.,Pemalang Sektor 8,478,89,120,107
284.,Jepara Sektor 3,442,115,128,200
285.,Kendal Sektor 10,366,176,111,247
286., Sektor 10,,,,
287.,Magelang Sektor 16,72,29,16,
288.,Kendal Sektor 11,349,163,114,269
289.,Pati Sektor 12,561,107,87,115
290.,Blora Sektor 7,419,282,248,295
291.,Rembang Sektor 14,464,144,42,19
292.,Tegal Sektor 12,547,81,126,106
293.,Purbalingga Sektor 10,357,361,105,47
294.,Banjarnegara Sektor 8,638,43,132,112
295.,Banyumas Sektor 9,592,96,69,68
296.,Kudus Sektor 8,310,194,83,49
297.,Salatiga Sektor 12,268,12,30,2
298.,Brebes Sektor 11,444,45,66,
299.,Kendal Sektor 12,369,178,125,277
300.,Banjarnegara Sektor 9,650,50,126,96
301.,Pemalang Sektor 9,415,89,116,123
302.,Klaten Sektor 5,447,176,67,65
303.,Wonogiri Sektor 8,758,148,111,12
304.,Salatiga Sektor 13,288,12,26,2
305.,Temanggung Sektor 7,400,110,78,112
306.,Kebumen Sektor 6,538,184,124,164
307.,Semarang Sektor 12,289,416,124,12
308.,Pemalang Sektor 10,446,98,108,111
309.,Pati Sektor 13,473,114,96,109
310.,Pekalongan Sektor 7,93,22,19,18
311.,Grobogan Sektor 8,712,42,107,101
312.,Magelang Sektor 17,69,33,16,
313.,Brebes Sektor 12,446,50,67,
314.,Pati Sektor 14,554,115,97,111
315.,Rembang Sektor 15,407,150,40,21
316.,Temanggung Sektor 8,414,132,77,98
317.,Batang Sektor 10,243,16,26,75
318.,Semarang Sektor 13,517,91,45,37
319.,Wonogiri Sektor 9,722,127,123,11
320.,Temanggung Sektor 9,416,114,74,112
321.,Pemalang Sektor 11,466,92,108,124
322.,Brebes Sektor 13,512,44,68,
323.,Pati Sektor 15,514,110,86,107
324.,Magelang Sektor 18,69,30,16,
325.,Blora Sektor 8,429,261,266,300
326.,Cilacap Sektor 5,684,165,157,190
327.,Blora Sektor 9,396,266,224,280
328.,Semarang Sektor 14,302,419,123,11
329.,Batang Sektor 11,272,17,25,69
330.,Sragen Sektor 9,792,72,132,77
331.,Grobogan Sektor 9,714,45,122,102
332.,Batang Sektor 12,230,19,30,69
333.,Pekalongan Sektor 8,516,103,19,118
334.,Pekalongan Sektor 9,88,23,19,18
335.,Semarang Sektor 15,601,93,49,45
336.,Tegal Sektor 13,507,86,120,109
337.,Temanggung Sektor 10,386,111,73,98
338., Sektor 11,,,,
339.,Temanggung Sektor 11,382,131,70,99
340.,Semarang Sektor 16,263,407,111,11
341.,Pekalongan Sektor 10,462,95,19,117
342.,Temanggung Sektor 12,373,132,68,112
343., Sektor 12,,,,
344.,Pati Sektor 16,554,112,90,122
345.,Semarang Sektor 17,532,88,42,41
346.,Purworejo Sektor 6,433,98,97,86
347.,Purbalingga Sektor 11,379,370,95,50
348.,Magelang Sektor 19,721,158,100,21
349.,Karanganyar Sektor 13,501,265,226,52
350.,Semarang Sektor 18,259,438,109,11
351.,Kendal Sektor 13,377,169,123,273
352.,Pekalongan Sektor 11,494,106,20,109
353.,Semarang Sektor 19,561,87,47,42
354.,Pemalang Sektor 12,405,86,110,119
355.,Banyumas Sektor 10,623,85,76,61
356.,Pati Sektor 17,481,112,90,118
357.,Temanggung Sektor 13,393,117,74,108
358.,Purworejo Sektor 7,470,115,87,89
359.,Boyolali Sektor 7,532,83,67,33
360.,Boyolali Sektor 8,542,70,63,37
361.,Pekalongan Sektor 12,503,103,17,121
362.,Pekalongan Sektor 13,101,24,18,18
363.,Pekalongan Sektor 14,88,21,17,18
364.,Rembang Sektor 16,443,132,44,22
365.,Pekalongan Sektor 15,499,96,20,130
366.,Surakarta Sektor 3,554,103,25,
367.,Cilacap Sektor 6,778,151,173,202
368.,Grobogan Sektor 10,613,46,115,111
369.,Karanganyar Sektor 14,511,257,206,64
370.,Banyumas Sektor 11,609,94,75,65
371.,Banyumas Sektor 12,558,92,76,71
372.,Banyumas Sektor 13,598,99,75,61
373.,Banjarnegara Sektor 10,606,44,139,98
374., Sektor 13,,,,
375.,Purworejo Sektor 8,450,109,92,85
376., Sektor 14,,,,
377.,Rembang Sektor 17,386,144,40,23
378.,Purworejo Sektor 9,481,114,104,93
379.,Temanggung Sektor 14,422,127,69,105
380.,Wonogiri Sektor 10,756,126,115,12
381.,Pemalang Sektor 13,403,99,109,123
382.,Pekalongan Sektor 16,500,110,19,122
383.,Surakarta Sektor 4,589,110,23,
384.,Wonogiri Sektor 11,720,128,129,11
385.,Temanggung Sektor 15,389,123,69,107
386.,Kendal Sektor 14,419,156,121,259
387.,Brebes Sektor 14,509,45,73,
388.,Jepara Sektor 4,383,117,142,191
389.,Pati Sektor 18,543,117,99,126
390.,Wonosobo Sektor 9,411,247,261,75
391.,Banjarnegara Sektor 11,625,46,122,97
392.,Purbalingga Sektor 12,376,337,97,49
393., Sektor 15,,,,
394.,Pekalongan Sektor 17,502,110,18,115
395.,Klaten Sektor 6,460,173,69,70
396.,Banyumas Sektor 14,561,87,70,69
397.,Demak Sektor 9,23,7,,33
398.,Kendal Sektor 15,348,151,118,235
399.,Klaten Sektor 7,495,168,67,62
400.,Klaten Sektor 8,502,156,57,66
401.,Demak Sektor 10,22,7,,32
402.,Klaten Sektor 9,504,175,60,63
403.,Blora Sektor 10,383,278,264,276
404.,Wonogiri Sektor 12,823,135,109,12
405.,Boyolali Sektor 9,471,83,66,37
406.,Pekalongan Sektor 18,524,98,20,129
407.,Batang Sektor 13,257,17,30,66
408.,Sragen Sektor 10,674,63,123,82
409.,Magelang Sektor 20,66,34,15,
410.,Semarang Sektor 20,274,426,108,11
411.,Magelang Sektor 21,71,32,16,
412., Sektor 16,,,,
413.,Banjarnegara Sektor 12,630,47,141,99
414.,Kebumen Sektor 7,530,178,112,167
415.,Karanganyar Sektor 15,550,249,227,63
416.,Temanggung Sektor 16,441,127,74,113
417.,Pekalongan Sektor 19,92,24,20,16
418.,Temanggung Sektor 17,438,110,73,110
419.,Kudus Sektor 9,344,195,89,55
420.,Pati Sektor 19,471,104,84,111
421.,Pekalongan Sektor 20,87,23,18,17
422.,Surakarta Sektor 5,525,98,23,
423.,Boyolali Sektor 10,548,76,61,36
424.,Kendal Sektor 16,384,175,116,264
425.,Rembang Sektor 18,435,144,41,22
426.,Sragen Sektor 11,741,62,122,90
427.,Kudus Sektor 10,333,173,81,52
428.,Banjarnegara Sektor 13,695,44,123,111
429.,Wonogiri Sektor 13,772,145,112,11
430.,Semarang Sektor 21,260,423,117,11
431.,Salatiga Sektor 14,297,11,30,2
432.,Salatiga Sektor 15,290,11,30,2
433., Sektor 17,,,,
434.,Grobogan Sektor 11,657,44,115,104
435.,Sukoharjo Sektor 5,125,377,59,22
436.,Batang Sektor 14,269,18,29,76
437.,Wonogiri Sektor 14,807,145,115,10
438.,Kebumen Sektor 8,505,162,125,163
439.,Jepara Sektor 5,437,126,128,197
440.,Wonosobo Sektor 10,407,248,251,66
441.,Batang Sektor 15,242,19,25,72
442.,Banyumas Sektor 15,519,92,71,69
443.,Sukoharjo Sektor 6,114,383,60,19
444.,Grobogan Sektor 12,726,40,108,98
445.,Temanggung Sektor 18,423,115,74,110
446.,Surakarta Sektor 6,531,113,21,
447.,Semarang Sektor 22,527,88,44,39
448.,Jepara Sektor 6,383,119,126,199
449.,Rembang Sektor 19,398,133,42,22
450.,Grobogan Sektor 13,675,39,102,109
451.,Jepara Sektor 7,418,124,127,220
452.,Boyolali Sektor 11,460,75,62,36
453.,Magelang Sektor 22,65,30,16,
454.,Purworejo Sektor 10,518,115,100,82
455.,Semarang Sektor 23,298,413,116,10
456.,Kudus Sektor 11,334,185,84,51
457.,Semarang Sektor 24,593,90,45,38
458.,Pekalongan Sektor 21,92,20,18,18
459.,Semarang Sektor 25,281,411,127,12
460.,Pekalongan Sektor 22,104,21,17,18
461.,Banyumas Sektor 16,518,84,78,71
462.,Temanggung Sektor 19,428,127,71,100
463.,Wonogiri Sektor 15,750,152,115,11
464.,Tegal Sektor 14,524,91,129,117
465.,Wonogiri Sektor 16,724,146,129,11
466.,Jepara Sektor 8,398,126,127,210
467.,Karanganyar Sektor 16,541,251,218,53
468.,Blora Sektor 11,401,279,240,275
469., Sektor 18,,,,
470.,Kendal Sektor 17,386,168,112,254
471.,Rembang Sektor 20,426,131,46,23
472.,Semarang Sektor 26,267,409,111,11
473.,Kudus Sektor 12,290,185,92,51
474.,Jepara Sektor 9,385,126,145,188
475.,Sragen Sektor 12,697,60,134,88
476.,Surakarta Sektor 7,500,97,24,
477.,Rembang Sektor 21,435,129,41,23
478., Sektor 19,,,,
479.,Grobogan Sektor 14,649,46,116,93
480.,Brebes Sektor 15,459,51,62,
481.,Semarang Sektor 27,277,394,119,10
482.,Wonosobo Sektor 11,438,223,261,68
483., Sektor 20,,,,
484.,Brebes Sektor 16,496,48,72,
485.,Kudus Sektor 13,288,175,93,59
486.,Purbalingga Sektor 13,397,352,104,45
487.,Semarang Sektor 28,310,447,118,11
488.,Pekalongan Sektor 23,498,104,19,129
489.,Semarang Sektor 29,601,89,46,45
490.,Boyolali Sektor 12,456,71,59,37
491.,Semarang Sektor 30,551,89,49,43
492.,Magelang Sektor 23,74,31,18,
493.,Pekalongan Sektor 24,90,23,17,17
494.,Tegal Sektor 15,514,86,112,104
495.,Sukoharjo Sektor 7,121,415,52,21
496.,Jepara Sektor 10,421,107,149,212
497.,Temanggung Sektor 20,417,128,76,109
498.,Kudus Sektor 14,287,189,84,53
499.,Wonosobo Sektor 12,446,256,285,78
500.,Grobogan Sektor 15,692,44,104,98
501.,Banyumas Sektor 17,522,95,78,72
502.,Tegal Sektor 16,521,83,114,107
503.,Karanganyar Sektor 17,558,274,202,57
504.,Magelang Sektor 24,738,131,90,20
505.,Sragen Sektor 13,806,67,129,86
506.,Klaten Sektor 10,429,175,63,69
507.,Batang Sektor 16,267,17,29,73
508.,Wonosobo Sektor 13,427,223,260,77
509.,Wonosobo Sektor 14,384,254,266,71
510.,Kendal Sektor 18,387,167,119,243
511.,Pekalongan Sektor 25,102,21,19,18
512.,Surakarta Sektor 8,510,105,25,
513.,Cilacap Sektor 7,793,162,166,187
514.,Jepara Sektor 11,450,116,127,212
515.,Boyolali Sektor 13,492,74,64,35
516.,Boyolali Sektor 14,549,73,68,35
517.,Brebes Sektor 17,474,50,73,
518.,Salatiga Sektor 16,321,12,27,2
519.,Karanganyar Sektor 18,543,260,208,53
520.,Magelang Sektor 25,73,31,16,
521.,Klaten Sektor 11,512,155,63,73
522.,Kebumen Sektor 9,470,162,131,144
523., Sektor 21,,,,
524.,Temanggung Sektor 21,400,118,70,106
525.,Surakarta Sektor 9,486,116,21,
526.,Rembang Sektor 22,461,145,40,20
527., Sektor 22,,,,
528.,Rembang Sektor 23,417,144,46,21
529., Sektor 23,,,,
530.,Boyolali Sektor 15,499,74,66,36
531.,Surakarta Sektor 10,583,98,23,
532.,Jepara Sektor 12,456,120,131,186
533.,Sragen Sektor 14,795,63,119,82
534.,Semarang Sektor 31,531,82,50,39
535.,Grobogan Sektor 16,621,42,121,96
536.,Tegal Sektor 17,530,76,125,115
537.,Klaten Sektor 12,505,161,64,67
538.,Boyolali Sektor 16,539,77,68,36
539.,Batang Sektor 17,251,17,25,68
540.,Tegal Sektor 18,549,75,113,110
541.,Brebes Sektor 18,461,43,61,
542.,Klaten Sektor 13,498,163,61,60
543.,Tegal Sektor 19,494,83,111,118
544.,Pekalongan Sektor 26,504,107,19,120
545.,Semarang Sektor 32,262,468,125,10
546.,Kendal Sektor 19,395,165,113,248
547.,Banjarnegara Sektor 14,658,48,134,103
548.,Pekalongan Sektor 27,473,110,19,130
549.,Purworejo Sektor 11,455,100,92,93
550.,Kendal Sektor 20,367,179,112,239
551.,Sragen Sektor 15,676,68,137,78
552.,Semarang Sektor 33,550,96,45,40
553.,Klaten Sektor 14,437,173,59,67
554.,Magelang Sektor 26,755,155,99,18
555.,Banyumas Sektor 18,596,91,75,61
556.,Grobogan Sektor 17,638,45,107,103
557.,Tegal Sektor 20,510,89,130,112
558.,Demak Sektor 11,24,7,,30
559., Sektor 24,,,,
560.,Pekalongan Sektor 28,496,99,17,127
561.,Boyolali Sektor 17,463,71,63,35
562.,Temanggung Sektor 22,379,114,74,107
563.,Blora Sektor 12,395,279,233,282
564.,Kendal Sektor 21,386,160,108,236
565.,Klaten Sektor 15,493,154,68,70
566.,Cilacap Sektor 8,712,140,174,187
567.,Purbalingga Sektor 14,366,352,112,47
568.,Salatiga Sektor 17,273,12,26,2
569.,Semarang Sektor 34,307,465,124,11
570.,Salatiga Sektor 18,276,11,29,2
571.,Pekalongan Sektor 29,482,102,19,117
572.,Semarang Sektor 35,285,457,121,12
573.,Pati Sektor 20,523,117,97,119
574.,Surakarta Sektor 11,495,117,24,
575.,Salatiga Sektor 19,304,12,26,2
576.,Rembang Sektor 24,388,147,48,23
577.,Magelang Sektor 27,715,149,90,19
578.,Wonosobo Sektor 15,382,264,287,68
579.,Pemalang Sektor 14,448,82,101,116
580.,Blora Sektor 13,418,303,223,294
581.,Karanganyar Sektor 19,533,275,213,56
582.,Purworejo Sektor 12,517,109,96,87
583.,Magelang Sektor 28,73,31,15,
584.,Cilacap Sektor 9,796,163,161,213
585.,Klaten Sektor 16,512,152,66,72
586.,Sukoharjo Sektor 8,130,412,57,21
587.,Magelang Sektor 29,693,151,92,20
588.,Wonogiri Sektor 17,829,131,123,10
589.,Wonosobo Sektor 16,399,234,254,66
590.,Temanggung Sektor 23,427,128,66,115
591.,Temanggung Sektor 24,432,131,69,96
592.,Pati Sektor 21,505,107,91,120
593.,Pekalongan Sektor 30,90,24,17,17
594.,Semarang Sektor 36,607,92,49,41
595.,Magelang Sektor 30,68,28,17,
596.,Wonosobo Sektor 17,382,221,261,74
597.,Pekalongan Sektor 31,97,21,17,18
598.,Cilacap Sektor 10,751,137,152,194
599.,Salatiga Sektor 20,285,13,31,2
600.,Klaten Sektor 17,486,164,59,61
601.,Purbalingga Sektor 15,358,395,113,43
602.,Brebes Sektor 19,439,51,65,
603.,Boyolali Sektor 18,495,81,67,36
604.,Banyumas Sektor 19,550,88,83,61
605.,Temanggung Sektor 25,425,115,76,112
606.,Banyumas Sektor 20,567,95,72,60
607.,Magelang Sektor 31,783,137,102,19
608.,Rembang Sektor 25,425,143,43,19
609.,Surakarta Sektor 12,578,99,23,
610.,Demak Sektor 12,23,7,,31
611.,Temanggung Sektor 26,437,128,79,105
612.,Salatiga Sektor 21,273,12,31,2
613.,Cilacap Sektor 11,734,142,173,212
614.,Banjarnegara Sektor 15,672,51,129,107
615.,Kebumen Sektor 10,469,193,128,143
616.,Kudus Sektor 15,340,200,84,50
617.,Kudus Sektor 16,284,169,92,50
618.,Karanganyar Sektor 20,527,244,205,53
619.,Semarang Sektor 37,263,444,127,11
620.,Purworejo Sektor 13,519,99,87,77
621.,Kendal Sektor 22,405,176,120,242
622.,Salatiga Sektor 22,293,13,26,2
623.,Klaten Sektor 18,479,170,66,67
624.,Magelang Sektor 32,74,29,17,
625.,Karanganyar Sektor 21,544,280,231,55
626.,Boyolali Sektor 19,530,79,69,37
627.,Pemalang Sektor 15,455,91,121,108
628.,Purworejo Sektor 14,490,110,90,80
629.,Blora Sektor 14,430,261,264,276
630.,Wonogiri Sektor 18,748,125,123,11
631.,Tegal Sektor 21,567,84,116,105
632.,Wonosobo Sektor 18,401,258,256,70
633.,Banjarnegara Sektor 16,692,44,134,98
634.,Sukoharjo Sektor 9,125,372,60,18
635.,Tegal Sektor 22,560,77,124,111
636.,Pemalang Sektor 16,456,93,113,124
637.,Brebes Sektor 20,485,44,63,
638.,Rembang Sektor 26,411,135,42,20
639.,Klaten Sektor 19,507,167,68,61
640.,Demak Sektor 13,23,6,,30
641.,Banjarnegara Sektor 17,612,44,126,112
642.,Temanggung Sektor 27,429,111,74,112
643.,Brebes Sektor 21,483,45,63,
644.,Tegal Sektor 23,506,80,109,107
645.,Sukoharjo Sektor 10,113,403,56,21
646.,Klaten Sektor 20,514,155,57,62
647.,Cilacap Sektor 12,709,149,168,193
648.,Semarang Sektor 38,285,395,115,11
649.,Tegal Sektor 24,503,81,129,123
650.,Klaten Sektor 21,483,179,65,70
651.,Karanganyar Sektor 22,503,277,237,58
652.,Tegal Sektor 25,565,81,112,109
653.,Sukoharjo Sektor 11,111,374,58,20
654.,Temanggung Sektor 28,450,127,77,100
655.,Rembang Sektor 27,386,142,44,23
656.,Pekalongan Sektor 32,480,92,18,126
657.,Pekalongan Sektor 33,475,100,16,112
658.,Pekalongan Sektor 34,89,22,17,17
659.,Purworejo Sektor 15,444,102,94,92
660.,Sragen Sektor 16,762,63,140,87
661.,Purworejo Sektor 16,462,104,102,91
662.,Karanganyar Sektor 23,504,234,241,58
663.,Rembang Sektor 28,427,146,47,21
664.,Sukoharjo Sektor 12,125,367,62,18
665.,Magelang Sektor 33,63,28,16,
666.,Banjarnegara Sektor 18,716,47,127,96
667.,Sragen Sektor 17,685,71,137,87
668.,Sragen Sektor 18,759,68,117,91
669.,Pekalongan Sektor 35,92,22,17,18
670.,Banjarnegara Sektor 19,678,51,139,109
671.,Semarang Sektor 39,556,94,49,43
672.,Karanganyar Sektor 24,513,252,207,54
673.,Salatiga Sektor 23,312,11,30,2
674.,Tegal Sektor 26,533,80,124,109
675.,Pekalongan Sektor 36,529,97,17,132
676.,Temanggung Sektor 29,395,133,71,114
677.,Rembang Sektor 29,446,129,43,21
678.,Pekalongan Sektor 37,95,20,18,18
679.,Demak Sektor 14,22,7,,28
680.,Banyumas Sektor 21,542,83,78,67
681.,Kudus Sektor 17,339,190,91,56
682.,Temanggung Sektor 30,450,123,74,96
683.,Demak Sektor 15,23,6,,30
684.,Sukoharjo Sektor 13,117,384,57,19
685.,Magelang Sektor 34,697,136,102,19
686.,Purbalingga Sektor 16,338,393,112,50
687.,Klaten Sektor 22,513,167,64,67
688.,Purbalingga Sektor 17,398,324,108,47
689.,Kendal Sektor 23,408,164,115,258
690.,Wonogiri Sektor 19,716,142,116,10
691.,Karanganyar Sektor 25,514,274,218,61
692.,Brebes Sektor 22,485,49,69,
693.,Blora Sektor 15,424,271,226,290
694.,Banjarnegara Sektor 20,604,50,138,105
695.,Purworejo Sektor 17,504,100,91,90
696.,Rembang Sektor 30,426,145,48,20
697.,Pati Sektor 22,487,119,90,112
698.,Salatiga Sektor 24,292,12,29,2
699.,Purbalingga Sektor 18,365,387,99,42
700.,Boyolali Sektor 20,470,74,63,36
701.,Karanganyar Sektor 26,477,282,232,59
702.,Wonosobo Sektor 19,398,254,257,66
703.,Semarang Sektor 40,520,86,50,42
704.,Pati Sektor 23,485,102,92,112
705.,Sragen Sektor 19,786,71,122,83
706.,Magelang Sektor 35,74,34,17,
707.,Kebumen Sektor 11,541,194,130,146
708.,Jepara Sektor 13,456,110,137,210
709.,Wonogiri Sektor 20,840,129,115,12
710.,Sukoharjo Sektor 14,129,389,55,20
711.,Tegal Sektor 27,489,85,123,114
712.,Purbalingga Sektor 19,370,356,112,42
713.,Cilacap Sektor 13,774,154,180,187
714.,Semarang Sektor 41,515,84,45,37
715.,Demak Sektor 16,24,7,,32
716.,Magelang Sektor 36,807,150,90,19
717.,Karanganyar Sektor 27,545,267,213,63
718.,Klaten Sektor 23,454,157,61,69
719.,Pekalongan Sektor 38,96,22,20,16
720.,Purbalingga Sektor 20,342,340,109,49
721.,Kudus Sektor 18,319,181,86,56
722.,Purbalingga Sektor 21,368,385,103,46
723.,Banjarnegara Sektor 21,638,44,119,102
724.,Wonosobo Sektor 20,459,259,247,68
725.,Purbalingga Sektor 22,398,346,95,50
726.,Banjarnegara Sektor 22,676,51,119,108
727.,Semarang Sektor 42,292,416,114,11
728.,Surakarta Sektor 13,570,101,21,
729.,Sragen Sektor 20,767,60,117,81
730.,Pekalongan Sektor 39,509,101,18,128
731.,Banyumas Sektor 22,543,95,81,71
732.,Wonogiri Sektor 21,773,146,128,12
733.,Demak Sektor 17,24,7,,27
734.,Sragen Sektor 21,694,63,128,83
735.,Semarang Sektor 43,288,404,109,12
736.,Wonogiri Sektor 22,743,150,110,11
737.,Semarang Sektor 44,286,440,110,11
738.,Rembang Sektor 31,462,136,45,23
739.,Pekalongan Sektor 40,489,102,18,122
740.,Tegal Sektor 28,590,76,118,105
741.,Pekalongan Sektor 41,94,21,18,16
742.,Sragen Sektor 22,773,67,128,76
743.,Demak Sektor 18,24,7,,30
744.,Semarang Sektor 45,548,95,49,41
745.,Blora Sektor 16,429,311,249,285
746.,Magelang Sektor 37,815,135,88,18
747.,Semarang Sektor 46,258,438,121,11
748.,Rembang Sektor 32,431,142,45,21
749.,Kudus Sektor 19,343,164,98,56
750.,Banyumas Sektor 23,519,82,70,68
751.,Magelang Sektor 38,74,31,17,
752.,Demak Sektor 19,22,8,,32
753.,Brebes Sektor 23,484,47,67,
754.,Boyolali Sektor 21,524,80,63,35
755.,Magelang Sektor 39,73,34,17,
756.,Pekalongan Sektor 42,96,22,19,18
757.,Banyumas Sektor 24,547,86,82,71
758.,Brebes Sektor 24,498,47,73,
759.,Kudus Sektor 20,328,182,82,57
760.,Demak Sektor 20,25,6,,31
761.,Wonosobo Sektor 21,408,258,269,77
762.,Rembang Sektor 33,389,141,47,21
763.,Banyumas Sektor 25,547,89,70,69
764.,Pati Sektor 24,508,120,92,116
765.,Salatiga Sektor 25,289,11,29,2
766., Sektor 25,,,,
767.,Jepara Sektor 14,449,111,124,201
768.,Banjarnegara Sektor 23,693,44,138,105
769.,Salatiga Sektor 26,311,11,31,2
770.,Semarang Sektor 47,614,91,47,41
771.,Pati Sektor 25,526,107,87,118
772.,Purworejo Sektor 18,513,99,102,80
773.,Blora Sektor 17,390,298,260,292
774.,Semarang Sektor 48,291,410,125,11
775.,Wonosobo Sektor 22,454,235,263,80
776.,Karanganyar Sektor 28,513,262,213,53
777.,Banjarnegara Sektor 24,686,45,122,104
778.,Purworejo Sektor 19,515,98,97,92
779.,Pati Sektor 26,479,112,97,121
780.,Cilacap Sektor 14,740,140,174,187
781.,Semarang Sektor 49,624,97,43,44
782., Sektor 26,,,,
783.,Banyumas Sektor 26,563,99,69,63
784.,Brebes Sektor 25,524,51,67,
785.,Sragen Sektor 23,700,66,129,88
786.,Tegal Sektor 29,515,83,114,116
787.,Kudus Sektor 21,320,170,90,52
788.,Rembang Sektor 34,393,148,41,20
789.,Jepara Sektor 15,377,114,127,218
790.,Semarang Sektor 50,539,96,49,37
791.,Pemalang Sektor 17,425,98,108,108
792.,Jepara Sektor 16,407,125,144,205
793.,Batang Sektor 18,228,19,25,72
794.,Purworejo Sektor 20,495,101,99,81
795.,Kudus Sektor 22,322,185,86,54
796.,Magelang Sektor 40,76,31,17,
797.,Sukoharjo Sektor 15,117,433,53,19
798.,Cilacap Sektor 15,812,154,174,186
799.,Semarang Sektor 51,267,394,127,10
800.,Cilacap Sektor 16,816,157,169,219
801.,Pati Sektor 27,497,119,89,114
802.,Pekalongan Sektor 43,100,20,17,18
803., Sektor 27,,,,
804.,Sukoharjo Sektor 16,110,373,59,20
805.,Banyumas Sektor 27,581,98,82,64
806.,Magelang Sektor 41,668,137,93,21
807.,Banyumas Sektor 28,540,83,82,71
808.,Kebumen Sektor 12,549,165,113,155
809.,Purworejo Sektor 21,487,103,102,79
810.,Magelang Sektor 42,752,145,89,19
811.,Magelang Sektor 43,75,30,16,
812.,Brebes Sektor 26,480,48,62,
813.,Salatiga Sektor 27,320,12,28,2
814.,Pemalang Sektor 18,436,95,105,123
815.,Brebes Sektor 27,472,43,64,
816.,Tegal Sektor 30,545,79,129,109
817.,Semarang Sektor 52,275,418,119,11
818.,Banjarnegara Sektor 25,662,45,136,106
819.,Demak Sektor 21,23,7,,32
820.,Sukoharjo Sektor 17,133,429,62,19
821.,Sragen Sektor 24,759,64,126,90
822.,Banjarnegara Sektor 26,600,44,132,94
823.,Sragen Sektor 25,768,63,132,86
824.,Cilacap Sektor 17,793,159,185,184
825.,Magelang Sektor 44,75,28,16,
826.,Klaten Sektor 24,475,175,57,67
827.,Boyolali Sektor 22,536,78,66,39
828.,Magelang Sektor 45,768,135,104,18
829.,Karanganyar Sektor 29,542,270,211,55
830.,Jepara Sektor 17,395,126,136,190
831.,Pati Sektor 28,489,111,86,104
832.,Jepara Sektor 18,381,109,146,210
833.,Grobogan Sektor 18,689,43,105,106
834.,Sragen Sektor 26,715,62,137,82
835.,Wonogiri Sektor 23,721,152,118,11
836.,Temanggung Sektor 31,403,116,76,104
837.,Cilacap Sektor 18,738,158,168,193
838.,Magelang Sektor 46,75,34,16,
839.,Purworejo Sektor 22,508,99,102,89
840.,Kendal Sektor 24,379,172,105,262
841.,Banjarnegara Sektor 27,676,51,130,100
842.,Purbalingga Sektor 23,366,341,104,47
843.,Salatiga Sektor 28,305,11,31,2
844.,Purbalingga Sektor 24,382,332,103,44
845.,Sukoharjo Sektor 18,126,445,60,19
846.,Wonogiri Sektor 24,771,150,117,10
847.,Salatiga Sektor 29,275,12,31,2
848.,Temanggung Sektor 32,419,127,80,97
849.,Magelang Sektor 47,718,143,88,17
850.,Cilacap Sektor 19,796,150,178,205
851.,Demak Sektor 22,25,7,,29
852.,Pekalongan Sektor 44,87,23,19,17
853.,Semarang Sektor 53,588,88,49,45
854., Sektor 28,,,,
855.,Klaten Sektor 25,507,163,62,69
856.,Tegal Sektor 31,498,81,117,101
857.,Pekalongan Sektor 45,528,99,18,113
858.,Rembang Sektor 35,454,127,46,19
859.,Pekalongan Sektor 46,522,109,17,112
860.,Wonosobo Sektor 23,428,260,243,76
861.,Purbalingga Sektor 25,348,360,103,48
862.,Pati Sektor 29,514,106,102,122
863.,Rembang Sektor 36,449,139,48,23
864.,Purworejo Sektor 23,496,112,104,94
865.,Kebumen Sektor 13,474,173,114,147
866.,Kudus Sektor 23,294,177,87,59
867.,Brebes Sektor 28,515,44,65,
868.,Magelang Sektor 48,67,30,17,
869.,Semarang Sektor 54,580,95,42,38
870.,Grobogan Sektor 19,689,42,115,111
871.,Pemalang Sektor 19,448,96,122,124
872.,Grobogan Sektor 20,708,46,123,100
873.,Semarang Sektor 55,284,433,123,11
874.,Wonogiri Sektor 25,779,132,126,11
875.,Batang Sektor 19,252,19,29,73
876.,Karanganyar Sektor 30,472,244,238,63
877.,Karanganyar Sektor 31,545,248,204,60
878.,Magelang Sektor 49,75,29,15,
879.,Banyumas Sektor 29,607,94,71,61
880.,Pemalang Sektor 20,402,84,122,106
881.,Wonosobo Sektor 24,398,256,265,79
882.,Boyolali Sektor 23,549,76,57,38
883.,Cilacap Sektor 20,700,155,168,216
884.,Salatiga Sektor 30,266,12,28,2
885.,Wonosobo Sektor 25,394,245,238,77
886.,Boyolali Sektor 24,541,70,61,33
887.,Cilacap Sektor 21,706,146,178,201
888.,Klaten Sektor 26,433,172,62,71
889.,Demak Sektor 23,23,6,,31
890.,Pemalang Sektor 21,476,85,119,120
891.,Blora Sektor 18,442,296,256,248
892.,Cilacap Sektor 22,775,154,169,201
893.,Tegal Sektor 32,516,85,120,120
894.,Pekalongan Sektor 47,480,98,16,122
895.,Wonogiri Sektor 26,774,146,109,12
896.,Blora Sektor 19,441,297,261,288
897., Sektor 29,,,,
898.,Grobogan Sektor 21,612,46,103,110
899.,Purworejo Sektor 24,453,106,92,91
900.,Klaten Sektor 27,444,185,66,67
901.,Kudus Sektor 24,338,176,88,56
902., Sektor 30,,,,
903.,Banyumas Sektor 30,520,84,70,61
904.,Salatiga Sektor 31,284,12,30,2
905.,Salatiga Sektor 32,284,12,27,2
906.,Surakarta Sektor 14,539,99,24,
907.,Pemalang Sektor 22,456,90,121,113
908.,Grobogan Sektor 22,686,46,117,108
909.,Wonosobo Sektor 26,432,233,265,68
910.,Semarang Sektor 56,295,456,115,11
911.,Banjarnegara Sektor 28,633,51,139,93
912.,Magelang Sektor 50,73,32,15,
913.,Kudus Sektor 25,307,164,88,49
914.,Kebumen Sektor 14,522,188,121,160
915.,Sukoharjo Sektor 19,125,399,51,20
916.,Magelang Sektor 51,69,30,15,
917.,Grobogan Sektor 23,702,40,112,91
918.,Magelang Sektor 52,784,138,101,19
919.,Cilacap Sektor 23,815,160,156,189
920.,Purbalingga Sektor 26,341,374,104,46
921.,Salatiga Sektor 33,317,13,31,2
922.,Kendal Sektor 25,412,173,118,260
923.,Pekalongan Sektor 48,93,22,17,16
924., Sektor 31,,,,
925.,Sragen Sektor 27,695,63,127,80
926.,Klaten Sektor 28,434,181,59,67
927.,Magelang Sektor 53,74,33,15,
928.,Pekalongan Sektor 49,100,22,18,18
929.,Boyolali Sektor 25,477,81,66,33
930.,Purworejo Sektor 25,482,99,102,88
931.,Kebumen Sektor 15,489,167,117,157
932.,Rembang Sektor 37,455,145,46,22
933.,Sragen Sektor 28,782,67,131,91
934.,Purbalingga Sektor 27,375,373,113,43
935.,Banjarnegara Sektor 29,721,44,135,103
936.,Temanggung Sektor 33,405,122,80,99
937.,Grobogan Sektor 24,728,40,105,107
938.,Banjarnegara Sektor 30,713,46,124,98
939., Sektor 32,,,,
940.,Magelang Sektor 54,679,157,95,19
941.,Rembang Sektor 38,391,133,42,23
942.,Kudus Sektor 26,337,178,86,52
943.,Boyolali Sektor 26,548,85,58,39
944.,Kebumen Sektor 16,540,175,129,154
945.,Grobogan Sektor 25,612,40,112,93
946.,Grobogan Sektor 26,622,38,107,100
947.,Purbalingga Sektor 28,393,336,108,42
948., Sektor 33,,,,
949.,Grobogan Sektor 27,616,38,124,101
950.,Boyolali Sektor 27,548,72,59,36
951.,Kudus Sektor 27,322,173,88,51
952.,Cilacap Sektor 24,738,152,170,223
953.,Demak Sektor 24,24,7,,32
954.,Brebes Sektor 29,462,49,64,
955.,Wonosobo Sektor 27,459,252,258,69
956.,Banjarnegara Sektor 31,698,51,120,94
957.,Wonosobo Sektor 28,437,229,272,68
958.,Cilacap Sektor 25,771,164,180,196
959.,Pekalongan Sektor 50,509,97,18,124
960.,Karanganyar Sektor 32,466,253,217,64
961.,Sragen Sektor 29,744,64,120,76
962.,Pekalongan Sektor 51,514,104,16,121
963.,Kudus Sektor 28,307,174,90,51
964.,Banyumas Sektor 31,622,92,69,64
965.,Banyumas Sektor 32,565,88,73,62
966.,Wonogiri Sektor 27,720,133,114,11
967.,Brebes Sektor 30,518,51,68,
968.,Karanganyar Sektor 33,532,232,225,61
969.,Semarang Sektor 57,298,415,107,11
970.,Pekalongan Sektor 52,488,100,19,110
971.,Pekalongan Sektor 53,101,24,17,17
972.,Semarang Sektor 58,268,422,116,12
973.,Pekalongan Sektor 54,511,101,19,115
974.,Pati Sektor 30,523,113,85,115
975.,Rembang Sektor 39,404,148,40,20
976.,Klaten Sektor 29,467,171,65,71
977.,Salatiga Sektor 34,295,12,29,2
978.,Karanganyar Sektor 34,486,248,205,63
979.,Karanganyar Sektor 35,499,269,209,57
980.,Surakarta Sektor 15,512,107,24,
981.,Pati Sektor 31,506,116,96,117
982.,Semarang Sektor 59,279,428,109,12
983.,Wonosobo Sektor 29,433,227,240,67
984., Sektor 34,,,,
985.,Klaten Sektor 30,464,157,69,73
986., Sektor 35,,,,
987.,Cilacap Sektor 26,687,157,177,220
988.,Jepara Sektor 19,426,108,151,197
989.,Kendal Sektor 26,357,150,124,274
990.,Wonogiri Sektor 28,837,130,113,11
991.,Rembang Sektor 40,410,144,48,23
992.,Wonogiri Sektor 29,783,149,127,11
993.,Kendal Sektor 27,395,178,121,254
994.,Pekalongan Sektor 55,467,98,18,125
995.,Tegal Sektor 33,528,80,127,106
996.,Banjarnegara Sektor 32,614,43,121,99
997.,Pati Sektor 32,515,107,102,117
998.,Semarang Sektor 60,299,428,115,10
999.,Magelang Sektor 55,693,144,94,18
1000.,Sragen Sektor 30,689,65,119,87
